Word,Count,Last Updated
work,2,2025-02-24 17:16:11
slay,1,2025-02-24 17:16:11
listening,1,2025-02-24 17:16:11
recognizing,1,2025-02-24 17:16:11
open,1,2025-02-24 17:16:11
module,1,2025-02-24 17:16:11
work,2,2025-02-24 17:18:44
slay,1,2025-02-24 17:18:44
listening,1,2025-02-24 17:18:44
recognizing,1,2025-02-24 17:18:44
open,1,2025-02-24 17:18:44
module,1,2025-02-24 17:18:44
university,1,2025-02-24 17:18:44
texas,1,2025-02-24 17:18:44
competition,1,2025-02-24 17:18:44
team,1,2025-02-24 17:18:44
discover,1,2025-02-24 17:18:44
innovative,1,2025-02-24 17:18:44
impactful,1,2025-02-24 17:18:44
solutions,1,2025-02-24 17:18:44
austin,1,2025-02-24 17:18:44
area,1,2025-02-24 17:18:44
libraries,1,2025-02-24 17:18:44
gateway,1,2025-02-24 17:18:44
knowledge,1,2025-02-24 17:18:44
codes,3,2025-02-24 17:21:58
work,2,2025-02-24 17:21:58
lot,2,2025-02-24 17:21:58
slay,1,2025-02-24 17:21:58
listening,1,2025-02-24 17:21:58
recognizing,1,2025-02-24 17:21:58
open,1,2025-02-24 17:21:58
module,1,2025-02-24 17:21:58
university,1,2025-02-24 17:21:58
texas,1,2025-02-24 17:21:58
team,1,2025-02-24 17:21:58
discover,1,2025-02-24 17:21:58
innovative,1,2025-02-24 17:21:58
impactful,1,2025-02-24 17:21:58
knowledge,1,2025-02-24 23:34:52
communication,1,2025-02-24 23:34:52
speaking,1,2025-02-24 23:34:52
typing,1,2025-02-24 23:34:52
coding,1,2025-02-24 23:34:52
speak,1,2025-02-24 23:34:52
share,1,2025-02-24 23:34:52
family,1,2025-02-24 23:34:52
connecting,1,2025-02-24 23:34:52
classmates,1,2025-02-24 23:34:52
school,1,2025-02-24 23:34:52
create,1,2025-02-24 23:34:52
relationships,1,2025-02-24 23:34:52
meaningful,1,2025-02-24 23:34:52
conversations,1,2025-02-24 23:34:52
honestly,1,2025-02-24 23:34:52
minute,1,2025-02-24 23:34:52
dreams,1,2025-02-24 23:34:52
real,1,2025-02-24 23:34:52
life,1,2025-02-24 23:34:52
play,1,2025-02-24 23:34:52
friendships,1,2025-02-24 23:34:52
work,2,2025-02-24 23:37:44
team,2,2025-02-24 23:37:44
lot,2,2025-02-24 23:37:44
family,2,2025-02-24 23:37:44
answer,2,2025-02-24 23:37:44
play,2,2025-02-24 23:37:44
friend,2,2025-02-24 23:37:44
people,2,2025-02-24 23:37:44
working,2,2025-02-24 23:37:44
slay,1,2025-02-24 23:37:44
listening,1,2025-02-24 23:37:44
recognizing,1,2025-02-24 23:37:44
discover,1,2025-02-24 23:37:44
innovative,1,2025-02-24 23:37:44
impactful,1,2025-02-24 23:37:44
solutions,1,2025-02-24 23:37:44
knowledge,1,2025-02-24 23:37:44
communication,1,2025-02-24 23:37:44
speaking,1,2025-02-24 23:37:44
typing,1,2025-02-24 23:37:44
coding,1,2025-02-24 23:37:44
connecting,1,2025-02-24 23:37:44
classmates,1,2025-02-24 23:37:44
school,1,2025-02-24 23:37:44
create,1,2025-02-24 23:37:44
relationships,1,2025-02-24 23:37:44
meaningful,1,2025-02-24 23:37:44
conversations,1,2025-02-24 23:37:44
honestly,1,2025-02-24 23:37:44
minute,1,2025-02-24 23:37:44
dreams,1,2025-02-24 23:37:44
codes,3,2025-02-25 17:07:38
work,2,2025-02-25 17:07:38
team,2,2025-02-25 17:07:38
lot,2,2025-02-25 17:07:38
family,2,2025-02-25 17:07:38
life,2,2025-02-25 17:07:38
play,2,2025-02-25 17:07:38
answer,2,2025-02-25 17:07:38
friend,2,2025-02-25 17:07:38
people,2,2025-02-25 17:07:38
working,2,2025-02-25 17:07:38
slay,1,2025-02-25 17:07:38
listening,1,2025-02-25 17:07:38
recognizing,1,2025-02-25 17:07:38
open,1,2025-02-25 17:07:38
module,1,2025-02-25 17:07:38
university,1,2025-02-25 17:07:38
texas,1,2025-02-25 17:07:38
competition,1,2025-02-25 17:07:38
discover,1,2025-02-25 17:07:38
innovative,1,2025-02-25 17:07:38
impactful,1,2025-02-25 17:07:38
solutions,1,2025-02-25 17:07:38
austin,1,2025-02-25 17:07:38
area,1,2025-02-25 17:07:38
libraries,1,2025-02-25 17:07:38
gateway,1,2025-02-25 17:07:38
knowledge,1,2025-02-25 17:07:38
communication,1,2025-02-25 17:07:38
speaking,1,2025-02-25 17:07:38
typing,1,2025-02-25 17:07:38
coding,1,2025-02-25 17:07:38
speak,1,2025-02-25 17:07:38
share,1,2025-02-25 17:07:38
connecting,1,2025-02-25 17:07:38
classmates,1,2025-02-25 17:07:38
school,1,2025-02-25 17:07:38
create,1,2025-02-25 17:07:38
relationships,1,2025-02-25 17:07:38
meaningful,1,2025-02-25 17:07:38
conversations,1,2025-02-25 17:07:38
honestly,1,2025-02-25 17:07:38
minute,1,2025-02-25 17:07:38
dreams,1,2025-02-25 17:07:38
real,1,2025-02-25 17:07:38
friendships,1,2025-02-25 17:07:38
hear,1,2025-02-25 17:07:38
playing,1,2025-02-25 17:07:38
codes,3,2025-02-25 17:08:48
work,2,2025-02-25 17:08:48
team,2,2025-02-25 17:08:48
lot,2,2025-02-25 17:08:48
family,2,2025-02-25 17:08:48
life,2,2025-02-25 17:08:48
play,2,2025-02-25 17:08:48
answer,2,2025-02-25 17:08:48
friend,2,2025-02-25 17:08:48
people,2,2025-02-25 17:08:48
working,2,2025-02-25 17:08:48
slay,1,2025-02-25 17:08:48
listening,1,2025-02-25 17:08:48
recognizing,1,2025-02-25 17:08:48
open,1,2025-02-25 17:08:48
module,1,2025-02-25 17:08:48
university,1,2025-02-25 17:08:48
texas,1,2025-02-25 17:08:48
competition,1,2025-02-25 17:08:48
discover,1,2025-02-25 17:08:48
innovative,1,2025-02-25 17:08:48
impactful,1,2025-02-25 17:08:48
solutions,1,2025-02-25 17:08:48
austin,1,2025-02-25 17:08:48
area,1,2025-02-25 17:08:48
libraries,1,2025-02-25 17:08:48
gateway,1,2025-02-25 17:08:48
knowledge,1,2025-02-25 17:08:48
communication,1,2025-02-25 17:08:48
speaking,1,2025-02-25 17:08:48
typing,1,2025-02-25 17:08:48
coding,1,2025-02-25 17:08:48
speak,1,2025-02-25 17:08:48
share,1,2025-02-25 17:08:48
connecting,1,2025-02-25 17:08:48
classmates,1,2025-02-25 17:08:48
school,1,2025-02-25 17:08:48
create,1,2025-02-25 17:08:48
relationships,1,2025-02-25 17:08:48
meaningful,1,2025-02-25 17:08:48
conversations,1,2025-02-25 17:08:48
honestly,1,2025-02-25 17:08:48
minute,1,2025-02-25 17:08:48
dreams,1,2025-02-25 17:08:48
real,1,2025-02-25 17:08:48
friendships,1,2025-02-25 17:08:48
hear,1,2025-02-25 17:08:48
playing,1,2025-02-25 17:08:48
connect,1,2025-02-25 17:08:48
codes,3,2025-02-25 19:15:49
play,3,2025-02-25 19:15:49
people,3,2025-02-25 19:15:49
work,2,2025-02-25 19:15:49
team,2,2025-02-25 19:15:49
lot,2,2025-02-25 19:15:49
share,2,2025-02-25 19:15:49
family,2,2025-02-25 19:15:49
life,2,2025-02-25 19:15:49
answer,2,2025-02-25 19:15:49
friend,2,2025-02-25 19:15:49
working,2,2025-02-25 19:15:49
hear,2,2025-02-25 19:15:49
connect,2,2025-02-25 19:15:49
slay,1,2025-02-25 19:15:49
listening,1,2025-02-25 19:15:49
recognizing,1,2025-02-25 19:15:49
open,1,2025-02-25 19:15:49
module,1,2025-02-25 19:15:49
university,1,2025-02-25 19:15:49
texas,1,2025-02-25 19:15:49
competition,1,2025-02-25 19:15:49
discover,1,2025-02-25 19:15:49
innovative,1,2025-02-25 19:15:49
impactful,1,2025-02-25 19:15:49
solutions,1,2025-02-25 19:15:49
austin,1,2025-02-25 19:15:49
area,1,2025-02-25 19:15:49
libraries,1,2025-02-25 19:15:49
gateway,1,2025-02-25 19:15:49
knowledge,1,2025-02-25 19:15:49
communication,1,2025-02-25 19:15:49
speaking,1,2025-02-25 19:15:49
typing,1,2025-02-25 19:15:49
coding,1,2025-02-25 19:15:49
speak,1,2025-02-25 19:15:49
connecting,1,2025-02-25 19:15:49
classmates,1,2025-02-25 19:15:49
school,1,2025-02-25 19:15:49
create,1,2025-02-25 19:15:49
relationships,1,2025-02-25 19:15:49
meaningful,1,2025-02-25 19:15:49
conversations,1,2025-02-25 19:15:49
honestly,1,2025-02-25 19:15:49
minute,1,2025-02-25 19:15:49
dreams,1,2025-02-25 19:15:49
real,1,2025-02-25 19:15:49
friendships,1,2025-02-25 19:15:49
playing,1,2025-02-25 19:15:49
forgot,1,2025-02-25 19:15:49
codes,3,2025-02-25 19:16:04
play,3,2025-02-25 19:16:04
people,3,2025-02-25 19:16:04
work,2,2025-02-25 19:16:04
team,2,2025-02-25 19:16:04
lot,2,2025-02-25 19:16:04
share,2,2025-02-25 19:16:04
family,2,2025-02-25 19:16:04
life,2,2025-02-25 19:16:04
answer,2,2025-02-25 19:16:04
friend,2,2025-02-25 19:16:04
working,2,2025-02-25 19:16:04
hear,2,2025-02-25 19:16:04
connect,2,2025-02-25 19:16:04
online,2,2025-02-25 19:16:04
basketball,2,2025-02-25 19:16:04
pretty,2,2025-02-25 19:16:04
cool,2,2025-02-25 19:16:04
slay,1,2025-02-25 19:16:04
listening,1,2025-02-25 19:16:04
recognizing,1,2025-02-25 19:16:04
open,1,2025-02-25 19:16:04
module,1,2025-02-25 19:16:04
university,1,2025-02-25 19:16:04
texas,1,2025-02-25 19:16:04
competition,1,2025-02-25 19:16:04
discover,1,2025-02-25 19:16:04
innovative,1,2025-02-25 19:16:04
impactful,1,2025-02-25 19:16:04
solutions,1,2025-02-25 19:16:04
austin,1,2025-02-25 19:16:04
area,1,2025-02-25 19:16:04
libraries,1,2025-02-25 19:16:04
gateway,1,2025-02-25 19:16:04
knowledge,1,2025-02-25 19:16:04
communication,1,2025-02-25 19:16:04
speaking,1,2025-02-25 19:16:04
typing,1,2025-02-25 19:16:04
coding,1,2025-02-25 19:16:04
speak,1,2025-02-25 19:16:04
connecting,1,2025-02-25 19:16:04
classmates,1,2025-02-25 19:16:04
school,1,2025-02-25 19:16:04
create,1,2025-02-25 19:16:04
relationships,1,2025-02-25 19:16:04
meaningful,1,2025-02-25 19:16:04
conversations,1,2025-02-25 19:16:04
honestly,1,2025-02-25 19:16:04
minute,1,2025-02-25 19:16:04
dreams,1,2025-02-25 19:16:04
online,4,2025-02-25 19:16:07
pretty,4,2025-02-25 19:16:07
cool,4,2025-02-25 19:16:07
codes,3,2025-02-25 19:16:07
play,3,2025-02-25 19:16:07
people,3,2025-02-25 19:16:07
basketball,3,2025-02-25 19:16:07
work,2,2025-02-25 19:16:07
team,2,2025-02-25 19:16:07
lot,2,2025-02-25 19:16:07
share,2,2025-02-25 19:16:07
family,2,2025-02-25 19:16:07
life,2,2025-02-25 19:16:07
answer,2,2025-02-25 19:16:07
friend,2,2025-02-25 19:16:07
working,2,2025-02-25 19:16:07
hear,2,2025-02-25 19:16:07
connect,2,2025-02-25 19:16:07
slay,1,2025-02-25 19:16:07
listening,1,2025-02-25 19:16:07
recognizing,1,2025-02-25 19:16:07
open,1,2025-02-25 19:16:07
module,1,2025-02-25 19:16:07
university,1,2025-02-25 19:16:07
texas,1,2025-02-25 19:16:07
competition,1,2025-02-25 19:16:07
discover,1,2025-02-25 19:16:07
innovative,1,2025-02-25 19:16:07
impactful,1,2025-02-25 19:16:07
solutions,1,2025-02-25 19:16:07
austin,1,2025-02-25 19:16:07
area,1,2025-02-25 19:16:07
libraries,1,2025-02-25 19:16:07
gateway,1,2025-02-25 19:16:07
knowledge,1,2025-02-25 19:16:07
communication,1,2025-02-25 19:16:07
speaking,1,2025-02-25 19:16:07
typing,1,2025-02-25 19:16:07
coding,1,2025-02-25 19:16:07
speak,1,2025-02-25 19:16:07
connecting,1,2025-02-25 19:16:07
classmates,1,2025-02-25 19:16:07
school,1,2025-02-25 19:16:07
create,1,2025-02-25 19:16:07
relationships,1,2025-02-25 19:16:07
meaningful,1,2025-02-25 19:16:07
conversations,1,2025-02-25 19:16:07
honestly,1,2025-02-25 19:16:07
minute,1,2025-02-25 19:16:07
dreams,1,2025-02-25 19:16:07
online,4,2025-02-25 19:18:46
pretty,4,2025-02-25 19:18:46
cool,4,2025-02-25 19:18:46
codes,3,2025-02-25 19:18:46
play,3,2025-02-25 19:18:46
people,3,2025-02-25 19:18:46
basketball,3,2025-02-25 19:18:46
work,2,2025-02-25 19:18:46
team,2,2025-02-25 19:18:46
lot,2,2025-02-25 19:18:46
share,2,2025-02-25 19:18:46
family,2,2025-02-25 19:18:46
life,2,2025-02-25 19:18:46
answer,2,2025-02-25 19:18:46
friend,2,2025-02-25 19:18:46
working,2,2025-02-25 19:18:46
hear,2,2025-02-25 19:18:46
connect,2,2025-02-25 19:18:46
slay,1,2025-02-25 19:18:46
listening,1,2025-02-25 19:18:46
recognizing,1,2025-02-25 19:18:46
open,1,2025-02-25 19:18:46
module,1,2025-02-25 19:18:46
university,1,2025-02-25 19:18:46
texas,1,2025-02-25 19:18:46
competition,1,2025-02-25 19:18:46
discover,1,2025-02-25 19:18:46
innovative,1,2025-02-25 19:18:46
impactful,1,2025-02-25 19:18:46
solutions,1,2025-02-25 19:18:46
austin,1,2025-02-25 19:18:46
area,1,2025-02-25 19:18:46
libraries,1,2025-02-25 19:18:46
gateway,1,2025-02-25 19:18:46
knowledge,1,2025-02-25 19:18:46
communication,1,2025-02-25 19:18:46
speaking,1,2025-02-25 19:18:46
typing,1,2025-02-25 19:18:46
coding,1,2025-02-25 19:18:46
speak,1,2025-02-25 19:18:46
connecting,1,2025-02-25 19:18:46
classmates,1,2025-02-25 19:18:46
school,1,2025-02-25 19:18:46
create,1,2025-02-25 19:18:46
relationships,1,2025-02-25 19:18:46
meaningful,1,2025-02-25 19:18:46
conversations,1,2025-02-25 19:18:46
honestly,1,2025-02-25 19:18:46
minute,1,2025-02-25 19:18:46
dreams,1,2025-02-25 19:18:46
online,4,2025-02-25 19:19:43
pretty,4,2025-02-25 19:19:43
cool,4,2025-02-25 19:19:43
codes,3,2025-02-25 19:19:43
play,3,2025-02-25 19:19:43
people,3,2025-02-25 19:19:43
basketball,3,2025-02-25 19:19:43
work,2,2025-02-25 19:19:43
team,2,2025-02-25 19:19:43
lot,2,2025-02-25 19:19:43
share,2,2025-02-25 19:19:43
family,2,2025-02-25 19:19:43
life,2,2025-02-25 19:19:43
answer,2,2025-02-25 19:19:43
friend,2,2025-02-25 19:19:43
working,2,2025-02-25 19:19:43
hear,2,2025-02-25 19:19:43
connect,2,2025-02-25 19:19:43
slay,1,2025-02-25 19:19:43
listening,1,2025-02-25 19:19:43
recognizing,1,2025-02-25 19:19:43
open,1,2025-02-25 19:19:43
module,1,2025-02-25 19:19:43
university,1,2025-02-25 19:19:43
texas,1,2025-02-25 19:19:43
competition,1,2025-02-25 19:19:43
discover,1,2025-02-25 19:19:43
innovative,1,2025-02-25 19:19:43
impactful,1,2025-02-25 19:19:43
solutions,1,2025-02-25 19:19:43
austin,1,2025-02-25 19:19:43
area,1,2025-02-25 19:19:43
libraries,1,2025-02-25 19:19:43
gateway,1,2025-02-25 19:19:43
knowledge,1,2025-02-25 19:19:43
communication,1,2025-02-25 19:19:43
speaking,1,2025-02-25 19:19:43
typing,1,2025-02-25 19:19:43
coding,1,2025-02-25 19:19:43
speak,1,2025-02-25 19:19:43
connecting,1,2025-02-25 19:19:43
classmates,1,2025-02-25 19:19:43
school,1,2025-02-25 19:19:43
create,1,2025-02-25 19:19:43
relationships,1,2025-02-25 19:19:43
meaningful,1,2025-02-25 19:19:43
conversations,1,2025-02-25 19:19:43
honestly,1,2025-02-25 19:19:43
minute,1,2025-02-25 19:19:43
dreams,1,2025-02-25 19:19:43
online,4,2025-02-25 19:21:58
pretty,4,2025-02-25 19:21:58
cool,4,2025-02-25 19:21:58
codes,3,2025-02-25 19:21:58
play,3,2025-02-25 19:21:58
people,3,2025-02-25 19:21:58
basketball,3,2025-02-25 19:21:58
work,2,2025-02-25 19:21:58
team,2,2025-02-25 19:21:58
lot,2,2025-02-25 19:21:58
share,2,2025-02-25 19:21:58
family,2,2025-02-25 19:21:58
life,2,2025-02-25 19:21:58
answer,2,2025-02-25 19:21:58
friend,2,2025-02-25 19:21:58
working,2,2025-02-25 19:21:58
hear,2,2025-02-25 19:21:58
connect,2,2025-02-25 19:21:58
slay,1,2025-02-25 19:21:58
listening,1,2025-02-25 19:21:58
recognizing,1,2025-02-25 19:21:58
open,1,2025-02-25 19:21:58
module,1,2025-02-25 19:21:58
university,1,2025-02-25 19:21:58
texas,1,2025-02-25 19:21:58
competition,1,2025-02-25 19:21:58
discover,1,2025-02-25 19:21:58
innovative,1,2025-02-25 19:21:58
impactful,1,2025-02-25 19:21:58
solutions,1,2025-02-25 19:21:58
austin,1,2025-02-25 19:21:58
area,1,2025-02-25 19:21:58
libraries,1,2025-02-25 19:21:58
gateway,1,2025-02-25 19:21:58
knowledge,1,2025-02-25 19:21:58
communication,1,2025-02-25 19:21:58
speaking,1,2025-02-25 19:21:58
typing,1,2025-02-25 19:21:58
coding,1,2025-02-25 19:21:58
speak,1,2025-02-25 19:21:58
connecting,1,2025-02-25 19:21:58
classmates,1,2025-02-25 19:21:58
school,1,2025-02-25 19:21:58
create,1,2025-02-25 19:21:58
relationships,1,2025-02-25 19:21:58
meaningful,1,2025-02-25 19:21:58
conversations,1,2025-02-25 19:21:58
honestly,1,2025-02-25 19:21:58
minute,1,2025-02-25 19:21:58
dreams,1,2025-02-25 19:21:58
play,4,2025-02-25 19:23:07
online,4,2025-02-25 19:23:07
pretty,4,2025-02-25 19:23:07
cool,4,2025-02-25 19:23:07
codes,3,2025-02-25 19:23:07
people,3,2025-02-25 19:23:07
playing,3,2025-02-25 19:23:07
basketball,3,2025-02-25 19:23:07
video,3,2025-02-25 19:23:07
games,3,2025-02-25 19:23:07
work,2,2025-02-25 19:23:07
team,2,2025-02-25 19:23:07
lot,2,2025-02-25 19:23:07
share,2,2025-02-25 19:23:07
family,2,2025-02-25 19:23:07
life,2,2025-02-25 19:23:07
answer,2,2025-02-25 19:23:07
friend,2,2025-02-25 19:23:07
working,2,2025-02-25 19:23:07
hear,2,2025-02-25 19:23:07
connect,2,2025-02-25 19:23:07
time,2,2025-02-25 19:23:07
slay,1,2025-02-25 19:23:07
listening,1,2025-02-25 19:23:07
recognizing,1,2025-02-25 19:23:07
open,1,2025-02-25 19:23:07
module,1,2025-02-25 19:23:07
university,1,2025-02-25 19:23:07
texas,1,2025-02-25 19:23:07
competition,1,2025-02-25 19:23:07
discover,1,2025-02-25 19:23:07
innovative,1,2025-02-25 19:23:07
impactful,1,2025-02-25 19:23:07
solutions,1,2025-02-25 19:23:07
austin,1,2025-02-25 19:23:07
area,1,2025-02-25 19:23:07
libraries,1,2025-02-25 19:23:07
gateway,1,2025-02-25 19:23:07
knowledge,1,2025-02-25 19:23:07
communication,1,2025-02-25 19:23:07
speaking,1,2025-02-25 19:23:07
typing,1,2025-02-25 19:23:07
coding,1,2025-02-25 19:23:07
speak,1,2025-02-25 19:23:07
connecting,1,2025-02-25 19:23:07
classmates,1,2025-02-25 19:23:07
school,1,2025-02-25 19:23:07
create,1,2025-02-25 19:23:07
relationships,1,2025-02-25 19:23:07
meaningful,1,2025-02-25 19:23:07
play,4,2025-02-25 19:23:56
online,4,2025-02-25 19:23:56
pretty,4,2025-02-25 19:23:56
cool,4,2025-02-25 19:23:56
codes,3,2025-02-25 19:23:56
share,3,2025-02-25 19:23:56
people,3,2025-02-25 19:23:56
playing,3,2025-02-25 19:23:56
basketball,3,2025-02-25 19:23:56
video,3,2025-02-25 19:23:56
games,3,2025-02-25 19:23:56
work,2,2025-02-25 19:23:56
team,2,2025-02-25 19:23:56
lot,2,2025-02-25 19:23:56
family,2,2025-02-25 19:23:56
life,2,2025-02-25 19:23:56
answer,2,2025-02-25 19:23:56
friend,2,2025-02-25 19:23:56
working,2,2025-02-25 19:23:56
hear,2,2025-02-25 19:23:56
connect,2,2025-02-25 19:23:56
time,2,2025-02-25 19:23:56
slay,1,2025-02-25 19:23:56
listening,1,2025-02-25 19:23:56
recognizing,1,2025-02-25 19:23:56
open,1,2025-02-25 19:23:56
module,1,2025-02-25 19:23:56
university,1,2025-02-25 19:23:56
texas,1,2025-02-25 19:23:56
competition,1,2025-02-25 19:23:56
discover,1,2025-02-25 19:23:56
innovative,1,2025-02-25 19:23:56
impactful,1,2025-02-25 19:23:56
solutions,1,2025-02-25 19:23:56
austin,1,2025-02-25 19:23:56
area,1,2025-02-25 19:23:56
libraries,1,2025-02-25 19:23:56
gateway,1,2025-02-25 19:23:56
knowledge,1,2025-02-25 19:23:56
communication,1,2025-02-25 19:23:56
speaking,1,2025-02-25 19:23:56
typing,1,2025-02-25 19:23:56
coding,1,2025-02-25 19:23:56
speak,1,2025-02-25 19:23:56
connecting,1,2025-02-25 19:23:56
classmates,1,2025-02-25 19:23:56
school,1,2025-02-25 19:23:56
create,1,2025-02-25 19:23:56
relationships,1,2025-02-25 19:23:56
meaningful,1,2025-02-25 19:23:56
cool,6,2025-02-25 19:24:55
pretty,5,2025-02-25 19:24:55
play,4,2025-02-25 19:24:55
people,4,2025-02-25 19:24:55
online,4,2025-02-25 19:24:55
codes,3,2025-02-25 19:24:55
share,3,2025-02-25 19:24:55
working,3,2025-02-25 19:24:55
playing,3,2025-02-25 19:24:55
connect,3,2025-02-25 19:24:55
basketball,3,2025-02-25 19:24:55
video,3,2025-02-25 19:24:55
games,3,2025-02-25 19:24:55
time,3,2025-02-25 19:24:55
work,2,2025-02-25 19:24:55
team,2,2025-02-25 19:24:55
lot,2,2025-02-25 19:24:55
family,2,2025-02-25 19:24:55
life,2,2025-02-25 19:24:55
answer,2,2025-02-25 19:24:55
friend,2,2025-02-25 19:24:55
hear,2,2025-02-25 19:24:55
howdy,2,2025-02-25 19:24:55
robotics,2,2025-02-25 19:24:55
slay,1,2025-02-25 19:24:55
listening,1,2025-02-25 19:24:55
recognizing,1,2025-02-25 19:24:55
open,1,2025-02-25 19:24:55
module,1,2025-02-25 19:24:55
university,1,2025-02-25 19:24:55
texas,1,2025-02-25 19:24:55
competition,1,2025-02-25 19:24:55
discover,1,2025-02-25 19:24:55
innovative,1,2025-02-25 19:24:55
impactful,1,2025-02-25 19:24:55
solutions,1,2025-02-25 19:24:55
austin,1,2025-02-25 19:24:55
area,1,2025-02-25 19:24:55
libraries,1,2025-02-25 19:24:55
gateway,1,2025-02-25 19:24:55
knowledge,1,2025-02-25 19:24:55
communication,1,2025-02-25 19:24:55
speaking,1,2025-02-25 19:24:55
typing,1,2025-02-25 19:24:55
coding,1,2025-02-25 19:24:55
speak,1,2025-02-25 19:24:55
connecting,1,2025-02-25 19:24:55
classmates,1,2025-02-25 19:24:55
school,1,2025-02-25 19:24:55
create,1,2025-02-25 19:24:55
cool,6,2025-02-25 19:25:53
pretty,5,2025-02-25 19:25:53
play,4,2025-02-25 19:25:53
people,4,2025-02-25 19:25:53
online,4,2025-02-25 19:25:53
work,3,2025-02-25 19:25:53
codes,3,2025-02-25 19:25:53
lot,3,2025-02-25 19:25:53
share,3,2025-02-25 19:25:53
working,3,2025-02-25 19:25:53
playing,3,2025-02-25 19:25:53
connect,3,2025-02-25 19:25:53
basketball,3,2025-02-25 19:25:53
video,3,2025-02-25 19:25:53
games,3,2025-02-25 19:25:53
time,3,2025-02-25 19:25:53
team,2,2025-02-25 19:25:53
family,2,2025-02-25 19:25:53
life,2,2025-02-25 19:25:53
answer,2,2025-02-25 19:25:53
friend,2,2025-02-25 19:25:53
hear,2,2025-02-25 19:25:53
howdy,2,2025-02-25 19:25:53
robotics,2,2025-02-25 19:25:53
slay,1,2025-02-25 19:25:53
listening,1,2025-02-25 19:25:53
recognizing,1,2025-02-25 19:25:53
open,1,2025-02-25 19:25:53
module,1,2025-02-25 19:25:53
university,1,2025-02-25 19:25:53
texas,1,2025-02-25 19:25:53
competition,1,2025-02-25 19:25:53
discover,1,2025-02-25 19:25:53
innovative,1,2025-02-25 19:25:53
impactful,1,2025-02-25 19:25:53
solutions,1,2025-02-25 19:25:53
austin,1,2025-02-25 19:25:53
area,1,2025-02-25 19:25:53
libraries,1,2025-02-25 19:25:53
gateway,1,2025-02-25 19:25:53
knowledge,1,2025-02-25 19:25:53
communication,1,2025-02-25 19:25:53
speaking,1,2025-02-25 19:25:53
typing,1,2025-02-25 19:25:53
coding,1,2025-02-25 19:25:53
speak,1,2025-02-25 19:25:53
connecting,1,2025-02-25 19:25:53
classmates,1,2025-02-25 19:25:53
school,1,2025-02-25 19:25:53
create,1,2025-02-25 19:25:53
cool,6,2025-02-25 19:26:59
pretty,5,2025-02-25 19:26:59
play,4,2025-02-25 19:26:59
people,4,2025-02-25 19:26:59
online,4,2025-02-25 19:26:59
work,3,2025-02-25 19:26:59
codes,3,2025-02-25 19:26:59
lot,3,2025-02-25 19:26:59
share,3,2025-02-25 19:26:59
working,3,2025-02-25 19:26:59
playing,3,2025-02-25 19:26:59
connect,3,2025-02-25 19:26:59
basketball,3,2025-02-25 19:26:59
video,3,2025-02-25 19:26:59
games,3,2025-02-25 19:26:59
time,3,2025-02-25 19:26:59
team,2,2025-02-25 19:26:59
family,2,2025-02-25 19:26:59
life,2,2025-02-25 19:26:59
answer,2,2025-02-25 19:26:59
friend,2,2025-02-25 19:26:59
hear,2,2025-02-25 19:26:59
howdy,2,2025-02-25 19:26:59
robotics,2,2025-02-25 19:26:59
slay,1,2025-02-25 19:26:59
listening,1,2025-02-25 19:26:59
recognizing,1,2025-02-25 19:26:59
open,1,2025-02-25 19:26:59
module,1,2025-02-25 19:26:59
university,1,2025-02-25 19:26:59
texas,1,2025-02-25 19:26:59
competition,1,2025-02-25 19:26:59
discover,1,2025-02-25 19:26:59
innovative,1,2025-02-25 19:26:59
impactful,1,2025-02-25 19:26:59
solutions,1,2025-02-25 19:26:59
austin,1,2025-02-25 19:26:59
area,1,2025-02-25 19:26:59
libraries,1,2025-02-25 19:26:59
gateway,1,2025-02-25 19:26:59
knowledge,1,2025-02-25 19:26:59
communication,1,2025-02-25 19:26:59
speaking,1,2025-02-25 19:26:59
typing,1,2025-02-25 19:26:59
coding,1,2025-02-25 19:26:59
speak,1,2025-02-25 19:26:59
connecting,1,2025-02-25 19:26:59
classmates,1,2025-02-25 19:26:59
school,1,2025-02-25 19:26:59
create,1,2025-02-25 19:26:59
cool,6,2025-02-25 19:29:05
pretty,5,2025-02-25 19:29:05
play,4,2025-02-25 19:29:05
people,4,2025-02-25 19:29:05
online,4,2025-02-25 19:29:05
work,3,2025-02-25 19:29:05
codes,3,2025-02-25 19:29:05
lot,3,2025-02-25 19:29:05
share,3,2025-02-25 19:29:05
working,3,2025-02-25 19:29:05
playing,3,2025-02-25 19:29:05
connect,3,2025-02-25 19:29:05
basketball,3,2025-02-25 19:29:05
video,3,2025-02-25 19:29:05
games,3,2025-02-25 19:29:05
time,3,2025-02-25 19:29:05
team,2,2025-02-25 19:29:05
family,2,2025-02-25 19:29:05
life,2,2025-02-25 19:29:05
answer,2,2025-02-25 19:29:05
friend,2,2025-02-25 19:29:05
hear,2,2025-02-25 19:29:05
howdy,2,2025-02-25 19:29:05
robotics,2,2025-02-25 19:29:05
slay,1,2025-02-25 19:29:05
listening,1,2025-02-25 19:29:05
recognizing,1,2025-02-25 19:29:05
open,1,2025-02-25 19:29:05
module,1,2025-02-25 19:29:05
university,1,2025-02-25 19:29:05
texas,1,2025-02-25 19:29:05
competition,1,2025-02-25 19:29:05
discover,1,2025-02-25 19:29:05
innovative,1,2025-02-25 19:29:05
impactful,1,2025-02-25 19:29:05
solutions,1,2025-02-25 19:29:05
austin,1,2025-02-25 19:29:05
area,1,2025-02-25 19:29:05
libraries,1,2025-02-25 19:29:05
gateway,1,2025-02-25 19:29:05
knowledge,1,2025-02-25 19:29:05
communication,1,2025-02-25 19:29:05
speaking,1,2025-02-25 19:29:05
typing,1,2025-02-25 19:29:05
coding,1,2025-02-25 19:29:05
speak,1,2025-02-25 19:29:05
connecting,1,2025-02-25 19:29:05
classmates,1,2025-02-25 19:29:05
school,1,2025-02-25 19:29:05
create,1,2025-02-25 19:29:05
cool,7,2025-02-25 19:31:35
play,5,2025-02-25 19:31:35
pretty,5,2025-02-25 19:31:35
people,4,2025-02-25 19:31:35
online,4,2025-02-25 19:31:35
work,3,2025-02-25 19:31:35
codes,3,2025-02-25 19:31:35
lot,3,2025-02-25 19:31:35
share,3,2025-02-25 19:31:35
working,3,2025-02-25 19:31:35
playing,3,2025-02-25 19:31:35
connect,3,2025-02-25 19:31:35
basketball,3,2025-02-25 19:31:35
video,3,2025-02-25 19:31:35
games,3,2025-02-25 19:31:35
time,3,2025-02-25 19:31:35
team,2,2025-02-25 19:31:35
family,2,2025-02-25 19:31:35
life,2,2025-02-25 19:31:35
answer,2,2025-02-25 19:31:35
friend,2,2025-02-25 19:31:35
hear,2,2025-02-25 19:31:35
howdy,2,2025-02-25 19:31:35
robotics,2,2025-02-25 19:31:35
slay,1,2025-02-25 19:31:35
listening,1,2025-02-25 19:31:35
recognizing,1,2025-02-25 19:31:35
open,1,2025-02-25 19:31:35
module,1,2025-02-25 19:31:35
university,1,2025-02-25 19:31:35
texas,1,2025-02-25 19:31:35
competition,1,2025-02-25 19:31:35
discover,1,2025-02-25 19:31:35
innovative,1,2025-02-25 19:31:35
impactful,1,2025-02-25 19:31:35
solutions,1,2025-02-25 19:31:35
austin,1,2025-02-25 19:31:35
area,1,2025-02-25 19:31:35
libraries,1,2025-02-25 19:31:35
gateway,1,2025-02-25 19:31:35
knowledge,1,2025-02-25 19:31:35
communication,1,2025-02-25 19:31:35
speaking,1,2025-02-25 19:31:35
typing,1,2025-02-25 19:31:35
coding,1,2025-02-25 19:31:35
speak,1,2025-02-25 19:31:35
connecting,1,2025-02-25 19:31:35
classmates,1,2025-02-25 19:31:35
school,1,2025-02-25 19:31:35
create,1,2025-02-25 19:31:35
cool,7,2025-02-25 19:32:46
play,5,2025-02-25 19:32:46
pretty,5,2025-02-25 19:32:46
people,4,2025-02-25 19:32:46
online,4,2025-02-25 19:32:46
work,3,2025-02-25 19:32:46
codes,3,2025-02-25 19:32:46
lot,3,2025-02-25 19:32:46
share,3,2025-02-25 19:32:46
working,3,2025-02-25 19:32:46
playing,3,2025-02-25 19:32:46
connect,3,2025-02-25 19:32:46
basketball,3,2025-02-25 19:32:46
video,3,2025-02-25 19:32:46
games,3,2025-02-25 19:32:46
time,3,2025-02-25 19:32:46
team,2,2025-02-25 19:32:46
family,2,2025-02-25 19:32:46
life,2,2025-02-25 19:32:46
answer,2,2025-02-25 19:32:46
friend,2,2025-02-25 19:32:46
hear,2,2025-02-25 19:32:46
howdy,2,2025-02-25 19:32:46
robotics,2,2025-02-25 19:32:46
slay,1,2025-02-25 19:32:46
listening,1,2025-02-25 19:32:46
recognizing,1,2025-02-25 19:32:46
open,1,2025-02-25 19:32:46
module,1,2025-02-25 19:32:46
university,1,2025-02-25 19:32:46
texas,1,2025-02-25 19:32:46
competition,1,2025-02-25 19:32:46
discover,1,2025-02-25 19:32:46
innovative,1,2025-02-25 19:32:46
impactful,1,2025-02-25 19:32:46
solutions,1,2025-02-25 19:32:46
austin,1,2025-02-25 19:32:46
area,1,2025-02-25 19:32:46
libraries,1,2025-02-25 19:32:46
gateway,1,2025-02-25 19:32:46
knowledge,1,2025-02-25 19:32:46
communication,1,2025-02-25 19:32:46
speaking,1,2025-02-25 19:32:46
typing,1,2025-02-25 19:32:46
coding,1,2025-02-25 19:32:46
speak,1,2025-02-25 19:32:46
connecting,1,2025-02-25 19:32:46
classmates,1,2025-02-25 19:32:46
school,1,2025-02-25 19:32:46
create,1,2025-02-25 19:32:46
cool,7,2025-02-25 19:35:30
play,5,2025-02-25 19:35:30
pretty,5,2025-02-25 19:35:30
people,4,2025-02-25 19:35:30
online,4,2025-02-25 19:35:30
work,3,2025-02-25 19:35:30
codes,3,2025-02-25 19:35:30
lot,3,2025-02-25 19:35:30
share,3,2025-02-25 19:35:30
family,3,2025-02-25 19:35:30
working,3,2025-02-25 19:35:30
playing,3,2025-02-25 19:35:30
connect,3,2025-02-25 19:35:30
basketball,3,2025-02-25 19:35:30
video,3,2025-02-25 19:35:30
games,3,2025-02-25 19:35:30
time,3,2025-02-25 19:35:30
team,2,2025-02-25 19:35:30
life,2,2025-02-25 19:35:30
answer,2,2025-02-25 19:35:30
friend,2,2025-02-25 19:35:30
hear,2,2025-02-25 19:35:30
howdy,2,2025-02-25 19:35:30
robotics,2,2025-02-25 19:35:30
slay,1,2025-02-25 19:35:30
listening,1,2025-02-25 19:35:30
recognizing,1,2025-02-25 19:35:30
open,1,2025-02-25 19:35:30
module,1,2025-02-25 19:35:30
university,1,2025-02-25 19:35:30
texas,1,2025-02-25 19:35:30
competition,1,2025-02-25 19:35:30
discover,1,2025-02-25 19:35:30
innovative,1,2025-02-25 19:35:30
impactful,1,2025-02-25 19:35:30
solutions,1,2025-02-25 19:35:30
austin,1,2025-02-25 19:35:30
area,1,2025-02-25 19:35:30
libraries,1,2025-02-25 19:35:30
gateway,1,2025-02-25 19:35:30
knowledge,1,2025-02-25 19:35:30
communication,1,2025-02-25 19:35:30
speaking,1,2025-02-25 19:35:30
typing,1,2025-02-25 19:35:30
coding,1,2025-02-25 19:35:30
speak,1,2025-02-25 19:35:30
connecting,1,2025-02-25 19:35:30
classmates,1,2025-02-25 19:35:30
school,1,2025-02-25 19:35:30
create,1,2025-02-25 19:35:30
cool,7,2025-02-25 19:37:18
play,5,2025-02-25 19:37:18
pretty,5,2025-02-25 19:37:18
people,4,2025-02-25 19:37:18
online,4,2025-02-25 19:37:18
work,3,2025-02-25 19:37:18
codes,3,2025-02-25 19:37:18
lot,3,2025-02-25 19:37:18
share,3,2025-02-25 19:37:18
family,3,2025-02-25 19:37:18
working,3,2025-02-25 19:37:18
playing,3,2025-02-25 19:37:18
connect,3,2025-02-25 19:37:18
basketball,3,2025-02-25 19:37:18
video,3,2025-02-25 19:37:18
games,3,2025-02-25 19:37:18
time,3,2025-02-25 19:37:18
team,2,2025-02-25 19:37:18
life,2,2025-02-25 19:37:18
answer,2,2025-02-25 19:37:18
friend,2,2025-02-25 19:37:18
hear,2,2025-02-25 19:37:18
howdy,2,2025-02-25 19:37:18
robotics,2,2025-02-25 19:37:18
slay,1,2025-02-25 19:37:18
listening,1,2025-02-25 19:37:18
recognizing,1,2025-02-25 19:37:18
open,1,2025-02-25 19:37:18
module,1,2025-02-25 19:37:18
university,1,2025-02-25 19:37:18
texas,1,2025-02-25 19:37:18
competition,1,2025-02-25 19:37:18
discover,1,2025-02-25 19:37:18
innovative,1,2025-02-25 19:37:18
impactful,1,2025-02-25 19:37:18
solutions,1,2025-02-25 19:37:18
austin,1,2025-02-25 19:37:18
area,1,2025-02-25 19:37:18
libraries,1,2025-02-25 19:37:18
gateway,1,2025-02-25 19:37:18
knowledge,1,2025-02-25 19:37:18
communication,1,2025-02-25 19:37:18
speaking,1,2025-02-25 19:37:18
typing,1,2025-02-25 19:37:18
coding,1,2025-02-25 19:37:18
speak,1,2025-02-25 19:37:18
connecting,1,2025-02-25 19:37:18
classmates,1,2025-02-25 19:37:18
school,1,2025-02-25 19:37:18
create,1,2025-02-25 19:37:18
cool,7,2025-02-25 19:38:32
play,6,2025-02-25 19:38:32
people,6,2025-02-25 19:38:32
pretty,5,2025-02-25 19:38:32
connect,4,2025-02-25 19:38:32
online,4,2025-02-25 19:38:32
work,3,2025-02-25 19:38:32
codes,3,2025-02-25 19:38:32
lot,3,2025-02-25 19:38:32
share,3,2025-02-25 19:38:32
family,3,2025-02-25 19:38:32
working,3,2025-02-25 19:38:32
playing,3,2025-02-25 19:38:32
basketball,3,2025-02-25 19:38:32
video,3,2025-02-25 19:38:32
games,3,2025-02-25 19:38:32
time,3,2025-02-25 19:38:32
team,2,2025-02-25 19:38:32
life,2,2025-02-25 19:38:32
answer,2,2025-02-25 19:38:32
friend,2,2025-02-25 19:38:32
hear,2,2025-02-25 19:38:32
howdy,2,2025-02-25 19:38:32
robotics,2,2025-02-25 19:38:32
slay,1,2025-02-25 19:38:32
listening,1,2025-02-25 19:38:32
recognizing,1,2025-02-25 19:38:32
open,1,2025-02-25 19:38:32
module,1,2025-02-25 19:38:32
university,1,2025-02-25 19:38:32
texas,1,2025-02-25 19:38:32
competition,1,2025-02-25 19:38:32
discover,1,2025-02-25 19:38:32
innovative,1,2025-02-25 19:38:32
impactful,1,2025-02-25 19:38:32
solutions,1,2025-02-25 19:38:32
austin,1,2025-02-25 19:38:32
area,1,2025-02-25 19:38:32
libraries,1,2025-02-25 19:38:32
gateway,1,2025-02-25 19:38:32
knowledge,1,2025-02-25 19:38:32
communication,1,2025-02-25 19:38:32
speaking,1,2025-02-25 19:38:32
typing,1,2025-02-25 19:38:32
coding,1,2025-02-25 19:38:32
speak,1,2025-02-25 19:38:32
connecting,1,2025-02-25 19:38:32
classmates,1,2025-02-25 19:38:32
school,1,2025-02-25 19:38:32
create,1,2025-02-25 19:38:32
cool,7,2025-02-25 19:40:38
play,6,2025-02-25 19:40:38
people,6,2025-02-25 19:40:38
pretty,5,2025-02-25 19:40:38
connect,4,2025-02-25 19:40:38
online,4,2025-02-25 19:40:38
work,3,2025-02-25 19:40:38
codes,3,2025-02-25 19:40:38
lot,3,2025-02-25 19:40:38
share,3,2025-02-25 19:40:38
family,3,2025-02-25 19:40:38
working,3,2025-02-25 19:40:38
playing,3,2025-02-25 19:40:38
basketball,3,2025-02-25 19:40:38
video,3,2025-02-25 19:40:38
games,3,2025-02-25 19:40:38
time,3,2025-02-25 19:40:38
listening,2,2025-02-25 19:40:38
team,2,2025-02-25 19:40:38
life,2,2025-02-25 19:40:38
answer,2,2025-02-25 19:40:38
friend,2,2025-02-25 19:40:38
hear,2,2025-02-25 19:40:38
howdy,2,2025-02-25 19:40:38
robotics,2,2025-02-25 19:40:38
slay,1,2025-02-25 19:40:38
recognizing,1,2025-02-25 19:40:38
open,1,2025-02-25 19:40:38
module,1,2025-02-25 19:40:38
university,1,2025-02-25 19:40:38
texas,1,2025-02-25 19:40:38
competition,1,2025-02-25 19:40:38
discover,1,2025-02-25 19:40:38
innovative,1,2025-02-25 19:40:38
impactful,1,2025-02-25 19:40:38
solutions,1,2025-02-25 19:40:38
austin,1,2025-02-25 19:40:38
area,1,2025-02-25 19:40:38
libraries,1,2025-02-25 19:40:38
gateway,1,2025-02-25 19:40:38
knowledge,1,2025-02-25 19:40:38
communication,1,2025-02-25 19:40:38
speaking,1,2025-02-25 19:40:38
typing,1,2025-02-25 19:40:38
coding,1,2025-02-25 19:40:38
speak,1,2025-02-25 19:40:38
connecting,1,2025-02-25 19:40:38
classmates,1,2025-02-25 19:40:38
school,1,2025-02-25 19:40:38
create,1,2025-02-25 19:40:38
cool,7,2025-02-25 19:41:13
play,6,2025-02-25 19:41:13
people,6,2025-02-25 19:41:13
pretty,5,2025-02-25 19:41:13
connect,4,2025-02-25 19:41:13
online,4,2025-02-25 19:41:13
work,3,2025-02-25 19:41:13
codes,3,2025-02-25 19:41:13
lot,3,2025-02-25 19:41:13
share,3,2025-02-25 19:41:13
family,3,2025-02-25 19:41:13
working,3,2025-02-25 19:41:13
playing,3,2025-02-25 19:41:13
basketball,3,2025-02-25 19:41:13
video,3,2025-02-25 19:41:13
games,3,2025-02-25 19:41:13
time,3,2025-02-25 19:41:13
listening,2,2025-02-25 19:41:13
team,2,2025-02-25 19:41:13
life,2,2025-02-25 19:41:13
answer,2,2025-02-25 19:41:13
friend,2,2025-02-25 19:41:13
hear,2,2025-02-25 19:41:13
howdy,2,2025-02-25 19:41:13
robotics,2,2025-02-25 19:41:13
slay,1,2025-02-25 19:41:13
recognizing,1,2025-02-25 19:41:13
open,1,2025-02-25 19:41:13
module,1,2025-02-25 19:41:13
university,1,2025-02-25 19:41:13
texas,1,2025-02-25 19:41:13
competition,1,2025-02-25 19:41:13
discover,1,2025-02-25 19:41:13
innovative,1,2025-02-25 19:41:13
impactful,1,2025-02-25 19:41:13
solutions,1,2025-02-25 19:41:13
austin,1,2025-02-25 19:41:13
area,1,2025-02-25 19:41:13
libraries,1,2025-02-25 19:41:13
gateway,1,2025-02-25 19:41:13
knowledge,1,2025-02-25 19:41:13
communication,1,2025-02-25 19:41:13
speaking,1,2025-02-25 19:41:13
typing,1,2025-02-25 19:41:13
coding,1,2025-02-25 19:41:13
speak,1,2025-02-25 19:41:13
connecting,1,2025-02-25 19:41:13
classmates,1,2025-02-25 19:41:13
school,1,2025-02-25 19:41:13
create,1,2025-02-25 19:41:13
cool,7,2025-02-25 19:42:30
play,6,2025-02-25 19:42:30
people,6,2025-02-25 19:42:30
pretty,5,2025-02-25 19:42:30
connect,4,2025-02-25 19:42:30
online,4,2025-02-25 19:42:30
work,3,2025-02-25 19:42:30
codes,3,2025-02-25 19:42:30
lot,3,2025-02-25 19:42:30
share,3,2025-02-25 19:42:30
family,3,2025-02-25 19:42:30
working,3,2025-02-25 19:42:30
playing,3,2025-02-25 19:42:30
basketball,3,2025-02-25 19:42:30
video,3,2025-02-25 19:42:30
games,3,2025-02-25 19:42:30
time,3,2025-02-25 19:42:30
listening,2,2025-02-25 19:42:30
team,2,2025-02-25 19:42:30
life,2,2025-02-25 19:42:30
answer,2,2025-02-25 19:42:30
friend,2,2025-02-25 19:42:30
hear,2,2025-02-25 19:42:30
howdy,2,2025-02-25 19:42:30
robotics,2,2025-02-25 19:42:30
slay,1,2025-02-25 19:42:30
recognizing,1,2025-02-25 19:42:30
open,1,2025-02-25 19:42:30
module,1,2025-02-25 19:42:30
university,1,2025-02-25 19:42:30
texas,1,2025-02-25 19:42:30
competition,1,2025-02-25 19:42:30
discover,1,2025-02-25 19:42:30
innovative,1,2025-02-25 19:42:30
impactful,1,2025-02-25 19:42:30
solutions,1,2025-02-25 19:42:30
austin,1,2025-02-25 19:42:30
area,1,2025-02-25 19:42:30
libraries,1,2025-02-25 19:42:30
gateway,1,2025-02-25 19:42:30
knowledge,1,2025-02-25 19:42:30
communication,1,2025-02-25 19:42:30
speaking,1,2025-02-25 19:42:30
typing,1,2025-02-25 19:42:30
coding,1,2025-02-25 19:42:30
speak,1,2025-02-25 19:42:30
connecting,1,2025-02-25 19:42:30
classmates,1,2025-02-25 19:42:30
school,1,2025-02-25 19:42:30
create,1,2025-02-25 19:42:30
cool,7,2025-02-25 19:43:33
play,6,2025-02-25 19:43:33
people,6,2025-02-25 19:43:33
pretty,5,2025-02-25 19:43:33
connect,4,2025-02-25 19:43:33
online,4,2025-02-25 19:43:33
work,3,2025-02-25 19:43:33
codes,3,2025-02-25 19:43:33
lot,3,2025-02-25 19:43:33
share,3,2025-02-25 19:43:33
family,3,2025-02-25 19:43:33
working,3,2025-02-25 19:43:33
playing,3,2025-02-25 19:43:33
basketball,3,2025-02-25 19:43:33
video,3,2025-02-25 19:43:33
games,3,2025-02-25 19:43:33
time,3,2025-02-25 19:43:33
listening,2,2025-02-25 19:43:33
team,2,2025-02-25 19:43:33
life,2,2025-02-25 19:43:33
answer,2,2025-02-25 19:43:33
friend,2,2025-02-25 19:43:33
hear,2,2025-02-25 19:43:33
forgot,2,2025-02-25 19:43:33
howdy,2,2025-02-25 19:43:33
robotics,2,2025-02-25 19:43:33
slay,1,2025-02-25 19:43:33
recognizing,1,2025-02-25 19:43:33
open,1,2025-02-25 19:43:33
module,1,2025-02-25 19:43:33
university,1,2025-02-25 19:43:33
texas,1,2025-02-25 19:43:33
competition,1,2025-02-25 19:43:33
discover,1,2025-02-25 19:43:33
innovative,1,2025-02-25 19:43:33
impactful,1,2025-02-25 19:43:33
solutions,1,2025-02-25 19:43:33
austin,1,2025-02-25 19:43:33
area,1,2025-02-25 19:43:33
libraries,1,2025-02-25 19:43:33
gateway,1,2025-02-25 19:43:33
knowledge,1,2025-02-25 19:43:33
communication,1,2025-02-25 19:43:33
speaking,1,2025-02-25 19:43:33
typing,1,2025-02-25 19:43:33
coding,1,2025-02-25 19:43:33
speak,1,2025-02-25 19:43:33
connecting,1,2025-02-25 19:43:33
classmates,1,2025-02-25 19:43:33
school,1,2025-02-25 19:43:33
family,45,2025-02-25 19:46:00
cool,7,2025-02-25 19:46:00
play,6,2025-02-25 19:46:00
people,6,2025-02-25 19:46:00
pretty,5,2025-02-25 19:46:00
connect,4,2025-02-25 19:46:00
online,4,2025-02-25 19:46:00
work,3,2025-02-25 19:46:00
codes,3,2025-02-25 19:46:00
lot,3,2025-02-25 19:46:00
share,3,2025-02-25 19:46:00
working,3,2025-02-25 19:46:00
playing,3,2025-02-25 19:46:00
basketball,3,2025-02-25 19:46:00
video,3,2025-02-25 19:46:00
games,3,2025-02-25 19:46:00
time,3,2025-02-25 19:46:00
listening,2,2025-02-25 19:46:00
team,2,2025-02-25 19:46:00
life,2,2025-02-25 19:46:00
answer,2,2025-02-25 19:46:00
friend,2,2025-02-25 19:46:00
hear,2,2025-02-25 19:46:00
forgot,2,2025-02-25 19:46:00
howdy,2,2025-02-25 19:46:00
robotics,2,2025-02-25 19:46:00
slay,1,2025-02-25 19:46:00
recognizing,1,2025-02-25 19:46:00
open,1,2025-02-25 19:46:00
module,1,2025-02-25 19:46:00
university,1,2025-02-25 19:46:00
texas,1,2025-02-25 19:46:00
competition,1,2025-02-25 19:46:00
discover,1,2025-02-25 19:46:00
innovative,1,2025-02-25 19:46:00
impactful,1,2025-02-25 19:46:00
solutions,1,2025-02-25 19:46:00
austin,1,2025-02-25 19:46:00
area,1,2025-02-25 19:46:00
libraries,1,2025-02-25 19:46:00
gateway,1,2025-02-25 19:46:00
knowledge,1,2025-02-25 19:46:00
communication,1,2025-02-25 19:46:00
speaking,1,2025-02-25 19:46:00
typing,1,2025-02-25 19:46:00
coding,1,2025-02-25 19:46:00
speak,1,2025-02-25 19:46:00
connecting,1,2025-02-25 19:46:00
classmates,1,2025-02-25 19:46:00
school,1,2025-02-25 19:46:00
family,45,2025-02-25 19:48:28
play,7,2025-02-25 19:48:28
people,7,2025-02-25 19:48:28
cool,7,2025-02-25 19:48:28
connect,5,2025-02-25 19:48:28
pretty,5,2025-02-25 19:48:28
online,4,2025-02-25 19:48:28
work,3,2025-02-25 19:48:28
codes,3,2025-02-25 19:48:28
lot,3,2025-02-25 19:48:28
share,3,2025-02-25 19:48:28
working,3,2025-02-25 19:48:28
playing,3,2025-02-25 19:48:28
basketball,3,2025-02-25 19:48:28
video,3,2025-02-25 19:48:28
games,3,2025-02-25 19:48:28
time,3,2025-02-25 19:48:28
listening,2,2025-02-25 19:48:28
team,2,2025-02-25 19:48:28
life,2,2025-02-25 19:48:28
answer,2,2025-02-25 19:48:28
friend,2,2025-02-25 19:48:28
hear,2,2025-02-25 19:48:28
forgot,2,2025-02-25 19:48:28
howdy,2,2025-02-25 19:48:28
robotics,2,2025-02-25 19:48:28
slay,1,2025-02-25 19:48:28
recognizing,1,2025-02-25 19:48:28
open,1,2025-02-25 19:48:28
module,1,2025-02-25 19:48:28
university,1,2025-02-25 19:48:28
texas,1,2025-02-25 19:48:28
competition,1,2025-02-25 19:48:28
discover,1,2025-02-25 19:48:28
innovative,1,2025-02-25 19:48:28
impactful,1,2025-02-25 19:48:28
solutions,1,2025-02-25 19:48:28
austin,1,2025-02-25 19:48:28
area,1,2025-02-25 19:48:28
libraries,1,2025-02-25 19:48:28
gateway,1,2025-02-25 19:48:28
knowledge,1,2025-02-25 19:48:28
communication,1,2025-02-25 19:48:28
speaking,1,2025-02-25 19:48:28
typing,1,2025-02-25 19:48:28
coding,1,2025-02-25 19:48:28
speak,1,2025-02-25 19:48:28
connecting,1,2025-02-25 19:48:28
classmates,1,2025-02-25 19:48:28
school,1,2025-02-25 19:48:28
family,45,2025-02-25 20:03:02
play,7,2025-02-25 20:03:02
people,7,2025-02-25 20:03:02
cool,7,2025-02-25 20:03:02
connect,5,2025-02-25 20:03:02
pretty,5,2025-02-25 20:03:02
online,4,2025-02-25 20:03:02
work,3,2025-02-25 20:03:02
codes,3,2025-02-25 20:03:02
lot,3,2025-02-25 20:03:02
share,3,2025-02-25 20:03:02
working,3,2025-02-25 20:03:02
playing,3,2025-02-25 20:03:02
basketball,3,2025-02-25 20:03:02
video,3,2025-02-25 20:03:02
games,3,2025-02-25 20:03:02
time,3,2025-02-25 20:03:02
listening,2,2025-02-25 20:03:02
team,2,2025-02-25 20:03:02
life,2,2025-02-25 20:03:02
answer,2,2025-02-25 20:03:02
friend,2,2025-02-25 20:03:02
hear,2,2025-02-25 20:03:02
forgot,2,2025-02-25 20:03:02
howdy,2,2025-02-25 20:03:02
robotics,2,2025-02-25 20:03:02
slay,1,2025-02-25 20:03:02
recognizing,1,2025-02-25 20:03:02
open,1,2025-02-25 20:03:02
module,1,2025-02-25 20:03:02
university,1,2025-02-25 20:03:02
texas,1,2025-02-25 20:03:02
competition,1,2025-02-25 20:03:02
discover,1,2025-02-25 20:03:02
innovative,1,2025-02-25 20:03:02
impactful,1,2025-02-25 20:03:02
solutions,1,2025-02-25 20:03:02
austin,1,2025-02-25 20:03:02
area,1,2025-02-25 20:03:02
libraries,1,2025-02-25 20:03:02
gateway,1,2025-02-25 20:03:02
knowledge,1,2025-02-25 20:03:02
communication,1,2025-02-25 20:03:02
speaking,1,2025-02-25 20:03:02
typing,1,2025-02-25 20:03:02
coding,1,2025-02-25 20:03:02
speak,1,2025-02-25 20:03:02
connecting,1,2025-02-25 20:03:02
classmates,1,2025-02-25 20:03:02
school,1,2025-02-25 20:03:02
united,1,s
